swap_id,proposer_id,receiver_id,offered_coupon_id,requested_coupon_id,value_difference,value_ratio,category_match,brand_match,proposer_avg_rating,receiver_avg_rating,swap_turnaround_hours,swap_status
SW0001,U0126,U0054,CP0343,CP1779,3917.32,11.9643,0,0,4.0,4.0,,cancelled
SW0002,U0190,U0426,CP1511,CP1600,505.52,1.1196,0,0,4.0,5.0,29.0,accepted
SW0003,U0001,U0026,CP1210,CP0792,16.23,0.9959,0,0,3.0,4.0,11.0,accepted
SW0004,U0179,U0204,CP1210,CP0053,419.55,0.9035,0,0,3.0,4.67,,rejected
SW0005,U0429,U0388,CP1350,CP1654,569.52,1.1962,0,0,3.0,2.0,34.0,completed
SW0006,U0478,U0200,CP1815,CP0863,2920.54,0.2021,0,0,2.5,3.0,,rejected
SW0007,U0354,U0259,CP0800,CP1571,1466.11,1.8018,0,0,5.0,4.5,61.0,completed
SW0008,U0446,U0235,CP1074,CP0416,882.08,2.5007,0,0,3.0,4.0,55.0,completed
SW0009,U0472,U0420,CP1491,CP1706,2361.67,0.3674,0,0,3.0,2.0,60.0,completed
SW0010,U0206,U0159,CP0056,CP1629,2840.28,0.3351,0,0,4.0,3.67,46.0,accepted
SW0011,U0175,U0262,CP1606,CP0470,1925.79,2.7695,0,0,3.0,3.0,,rejected
SW0012,U0029,U0218,CP2337,CP1675,2901.5,3.9455,1,0,2.0,3.0,,rejected
SW0013,U0307,U0116,CP0753,CP1151,294.37,2.2452,1,1,3.0,3.0,,cancelled
SW0014,U0476,U0080,CP0929,CP1276,485.01,1.179,0,0,4.0,5.0,23.0,accepted
SW0015,U0258,U0467,CP1293,CP0343,2352.91,0.4496,0,0,4.5,3.0,,rejected
SW0016,U0366,U0270,CP0845,CP2036,2066.24,0.4368,0,0,3.0,5.0,57.0,completed
SW0017,U0230,U0324,CP1187,CP0284,2994.56,0.1061,0,0,3.0,3.33,,rejected
SW0018,U0115,U0360,CP1013,CP1700,707.15,3.5823,0,0,2.0,4.0,15.0,completed
SW0019,U0028,U0491,CP1925,CP2204,392.56,0.8918,0,0,3.0,5.0,,cancelled
SW0020,U0197,U0397,CP0185,CP1508,992.04,0.1488,0,0,1.5,3.0,5.0,accepted
SW0021,U0105,U0170,CP2244,CP0409,2963.23,0.0867,0,0,4.0,3.5,,rejected
SW0022,U0472,U0159,CP2213,CP0227,599.99,1.2228,0,0,3.0,3.67,14.0,completed
SW0023,U0262,U0435,CP1277,CP1566,880.78,0.1911,0,0,3.0,3.0,,rejected
SW0024,U0193,U0004,CP2143,CP1520,778.2,0.798,0,0,3.0,4.0,,cancelled
SW0025,U0157,U0221,CP0106,CP0836,1794.19,1.7848,0,0,3.0,3.0,,cancelled
SW0026,U0339,U0087,CP1160,CP0534,1824.11,1.8638,0,0,2.0,3.5,52.0,completed
SW0027,U0092,U0074,CP2046,CP0404,2869.21,0.0937,0,0,1.0,5.0,,cancelled
SW0028,U0045,U0235,CP0917,CP1681,2152.87,0.3944,1,0,3.0,4.0,,rejected
SW0029,U0223,U0215,CP1873,CP0949,2739.31,4.7047,1,0,3.0,3.0,,cancelled
SW0030,U0194,U0469,CP0182,CP2003,309.83,0.9215,0,0,3.0,3.0,,cancelled
SW0031,U0349,U0254,CP0669,CP0801,1195.47,0.6439,0,0,2.0,2.33,,rejected
SW0032,U0212,U0039,CP1061,CP1884,1627.38,0.5549,0,0,3.0,2.0,46.0,completed
SW0033,U0355,U0412,CP1924,CP0485,723.55,0.7559,0,0,3.0,4.0,,rejected
SW0034,U0460,U0081,CP0647,CP1619,2226.81,0.4736,0,0,3.0,3.0,,proposed
SW0035,U0419,U0101,CP1047,CP2386,1565.25,1.6779,0,0,4.0,4.0,58.0,completed
SW0036,U0090,U0138,CP1076,CP2437,921.22,1.2456,0,0,3.0,3.0,,cancelled
SW0037,U0221,U0139,CP2204,CP0754,764.99,1.2672,1,1,3.0,3.5,,rejected
SW0038,U0410,U0269,CP0300,CP0106,3468.13,0.15,0,0,5.0,5.0,62.0,completed
SW0039,U0263,U0415,CP0291,CP2303,3076.63,0.3611,0,0,3.0,1.0,3.0,accepted
SW0040,U0252,U0007,CP0906,CP0980,505.81,0.8738,0,0,5.0,5.0,51.0,completed
SW0041,U0392,U0214,CP1980,CP0039,1149.27,0.1025,0,0,3.0,3.0,,rejected
SW0042,U0332,U0429,CP0165,CP2184,314.87,1.0774,0,0,5.0,3.0,69.0,completed
SW0043,U0103,U0280,CP1579,CP0236,1408.16,0.6355,0,0,3.0,2.0,,rejected
SW0044,U0354,U0094,CP1260,CP2244,4262.1,16.1525,0,0,5.0,3.0,,cancelled
SW0045,U0214,U0381,CP2343,CP0355,191.27,0.8879,0,0,3.0,2.0,,proposed
SW0046,U0007,U0485,CP2223,CP2411,1918.49,2.7913,0,0,5.0,3.0,,rejected
SW0047,U0271,U0198,CP0873,CP2276,1197.4,1.9199,0,0,3.0,1.0,34.0,completed
SW0048,U0029,U0415,CP1215,CP1098,1395.56,0.617,0,0,2.0,1.0,,proposed
SW0049,U0039,U0204,CP1663,CP0401,2344.07,15.9886,0,0,2.0,4.67,51.0,accepted
SW0050,U0103,U0169,CP1164,CP2157,289.57,1.0621,0,0,3.0,1.0,,rejected
SW0051,U0046,U0324,CP0053,CP1192,2895.73,2.9956,0,0,3.0,3.33,66.0,completed
SW0052,U0288,U0471,CP0025,CP1290,2700.46,4.8609,0,0,3.0,2.0,34.0,completed
SW0053,U0446,U0349,CP2387,CP2142,1.07,0.9998,0,0,3.0,2.0,47.0,completed
SW0054,U0272,U0364,CP1037,CP0220,3619.89,3.6615,0,0,2.5,2.0,65.0,accepted
SW0055,U0236,U0035,CP0883,CP2207,2345.64,4.6864,0,0,3.0,3.0,59.0,completed
SW0056,U0291,U0354,CP0942,CP1387,1293.49,0.344,0,0,3.0,5.0,35.0,completed
SW0057,U0173,U0405,CP2218,CP0096,965.2,0.281,0,0,3.0,3.0,,rejected
SW0058,U0465,U0416,CP0829,CP0255,1711.02,1.9049,0,0,3.0,2.5,,cancelled
SW0059,U0068,U0204,CP0307,CP1137,323.17,1.1036,0,0,5.0,4.67,67.0,completed
SW0060,U0088,U0426,CP1209,CP1508,2686.16,3.3048,0,0,2.0,5.0,55.0,completed
SW0061,U0117,U0224,CP0878,CP0193,165.26,1.217,0,0,1.0,4.0,,rejected
SW0062,U0265,U0471,CP0344,CP1686,2438.47,0.3726,0,0,3.0,2.0,56.0,accepted
SW0063,U0118,U0452,CP0366,CP1888,2618.17,4.6307,1,0,3.33,2.0,72.0,accepted
SW0064,U0428,U0181,CP1622,CP2258,299.3,1.3351,0,0,3.0,2.0,43.0,completed
SW0065,U0230,U0021,CP0246,CP0470,3288.95,4.022,0,0,3.0,3.0,,rejected
SW0066,U0431,U0362,CP0993,CP1109,1499.84,1.7341,0,0,1.0,3.0,20.0,accepted
SW0067,U0313,U0091,CP0824,CP1319,3061.56,2.7069,0,0,3.0,3.0,,rejected
SW0068,U0437,U0123,CP1073,CP0797,1369.14,0.5923,0,0,2.5,3.0,12.0,accepted
SW0069,U0397,U0409,CP0709,CP0068,91.15,1.0294,0,0,3.0,2.0,,cancelled
SW0070,U0250,U0159,CP0528,CP0283,3073.72,2.7806,0,0,4.0,3.67,1.0,accepted
SW0071,U0195,U0260,CP0766,CP2175,885.53,1.2213,0,0,2.67,1.5,66.0,completed
SW0072,U0230,U0018,CP0582,CP1035,358.98,0.8024,0,0,3.0,3.0,,rejected
SW0073,U0409,U0353,CP1341,CP0956,2482.63,2.275,0,0,2.0,3.0,,cancelled
SW0074,U0241,U0204,CP2395,CP0228,1931.43,0.5225,0,0,1.0,4.67,,rejected
SW0075,U0393,U0493,CP2365,CP1580,821.95,0.769,0,0,1.0,3.0,,proposed
SW0076,U0239,U0157,CP1081,CP0934,3235.97,2.9142,0,0,5.0,3.0,29.0,completed
SW0077,U0143,U0188,CP2019,CP0291,493.49,1.2837,0,0,3.0,3.0,,rejected
SW0078,U0482,U0441,CP1486,CP1745,334.29,0.9029,0,0,2.0,3.67,3.0,accepted
SW0079,U0209,U0349,CP0333,CP0071,2114.09,0.4977,0,0,3.0,2.0,32.0,completed
SW0080,U0351,U0084,CP0873,CP0285,2301.88,12.677,0,0,3.0,3.0,30.0,accepted
SW0081,U0456,U0205,CP2036,CP0654,894.94,0.8039,0,0,3.0,3.0,,rejected
SW0082,U0226,U0118,CP0161,CP2224,49.92,0.9828,0,0,3.0,3.33,,proposed
SW0083,U0102,U0177,CP0118,CP0850,2597.11,26.5546,0,0,3.0,4.5,17.0,completed
SW0084,U0023,U0206,CP0598,CP2081,3307.48,0.1853,0,0,3.0,4.0,68.0,completed
SW0085,U0382,U0005,CP1125,CP0560,797.43,1.2663,1,1,3.67,3.0,13.0,accepted
SW0086,U0322,U0040,CP1765,CP2154,3934.54,13.3732,0,0,4.0,3.67,21.0,completed
SW0087,U0038,U0418,CP0268,CP1281,2299.56,2.2769,0,0,1.0,2.5,64.0,completed
SW0088,U0282,U0178,CP2164,CP1850,1243.84,1.7179,0,0,2.0,3.33,50.0,accepted
SW0089,U0194,U0481,CP1977,CP1756,89.4,1.0431,0,0,3.0,3.0,,cancelled
SW0090,U0272,U0066,CP0851,CP0224,1007.32,1.5924,0,0,2.5,1.5,,cancelled
SW0091,U0107,U0243,CP0060,CP0985,1205.33,0.7399,1,0,2.0,3.0,,cancelled
SW0092,U0408,U0253,CP1191,CP1773,1530.23,0.5263,0,0,3.0,1.0,30.0,completed
SW0093,U0260,U0341,CP1400,CP0070,2224.01,0.2828,0,0,1.5,1.0,48.0,completed
SW0094,U0345,U0231,CP0126,CP1159,246.42,1.1127,0,0,3.5,4.0,45.0,accepted
SW0095,U0130,U0084,CP2286,CP1007,282.95,1.0607,0,0,3.0,3.0,,rejected
SW0096,U0277,U0488,CP1964,CP1041,4383.05,24.9315,0,0,1.0,5.0,35.0,accepted
SW0097,U0120,U0440,CP2228,CP0184,1677.56,1.8879,0,0,2.0,3.0,,rejected
SW0098,U0352,U0404,CP1865,CP2420,416.87,1.2102,0,0,2.5,1.0,66.0,completed
SW0099,U0303,U0262,CP0952,CP0028,331.43,0.8987,0,0,3.0,3.0,,cancelled
SW0100,U0390,U0426,CP1744,CP0203,510.93,1.1567,0,0,3.0,5.0,,cancelled
SW0101,U0396,U0367,CP1920,CP1506,969.64,1.4423,0,0,3.0,3.5,30.0,completed
SW0102,U0338,U0362,CP2417,CP2263,459.54,0.8296,0,0,2.0,3.0,,cancelled
SW0103,U0232,U0392,CP1736,CP0037,751.53,0.6106,1,0,3.0,3.0,,cancelled
SW0104,U0093,U0247,CP0164,CP2418,2671.62,2.5077,0,0,1.0,5.0,43.0,completed
SW0105,U0150,U0379,CP2153,CP2397,1099.4,0.3791,0,0,3.0,3.0,,cancelled
SW0106,U0324,U0101,CP0886,CP2106,3211.4,4.7654,0,0,3.33,4.0,47.0,completed
SW0107,U0112,U0478,CP1684,CP0948,1616.93,0.6675,0,0,3.0,2.5,50.0,accepted
SW0108,U0254,U0259,CP0167,CP1057,3139.61,3.2692,0,0,2.33,4.5,71.0,completed
SW0109,U0032,U0178,CP1270,CP1026,3601.04,4.3022,0,0,3.0,3.33,,rejected
SW0110,U0300,U0088,CP1519,CP2110,2013.8,0.578,0,0,3.0,2.0,14.0,accepted
SW0111,U0147,U0281,CP0028,CP2289,1713.54,0.6562,1,0,3.0,1.0,,rejected
SW0112,U0293,U0089,CP0397,CP2077,335.36,1.0733,0,0,1.0,2.0,6.0,completed
SW0113,U0178,U0268,CP1969,CP1593,1839.85,0.5142,0,0,3.33,2.0,33.0,completed
SW0114,U0412,U0195,CP0269,CP2253,2570.81,0.1082,0,0,4.0,2.67,,cancelled
SW0115,U0197,U0166,CP2041,CP0257,468.15,1.1319,0,0,1.5,2.5,71.0,accepted
SW0116,U0346,U0232,CP1279,CP0485,1520.82,0.487,0,0,3.0,3.0,,proposed
SW0117,U0211,U0100,CP0532,CP1687,1601.15,0.4205,0,0,3.0,3.0,,cancelled
SW0118,U0217,U0112,CP0131,CP0740,2217.82,5.8077,0,0,3.0,3.0,,cancelled
SW0119,U0465,U0386,CP2019,CP2225,2071.4,13.8411,0,0,3.0,5.0,30.0,completed
SW0120,U0172,U0248,CP2260,CP1572,2743.84,20.7328,0,0,3.0,3.0,,rejected
SW0121,U0462,U0110,CP1748,CP0116,1179.72,0.7567,1,0,3.0,4.0,13.0,accepted
SW0122,U0057,U0328,CP0682,CP1137,669.04,1.2145,0,0,4.0,3.0,,rejected
SW0123,U0043,U0185,CP1126,CP1978,1897.82,0.1808,0,0,4.0,4.5,39.0,completed
SW0124,U0461,U0136,CP0415,CP2233,959.52,0.749,0,0,4.0,4.0,53.0,completed
SW0125,U0263,U0105,CP0650,CP1971,25.86,1.0082,0,0,3.0,4.0,69.0,completed
SW0126,U0302,U0325,CP0239,CP2095,3152.68,0.1452,0,0,3.0,3.0,,proposed
SW0127,U0249,U0057,CP0114,CP1532,493.24,0.5337,0,0,3.5,4.0,22.0,completed
SW0128,U0102,U0117,CP2487,CP2088,2225.92,0.2674,0,0,3.0,1.0,,proposed
SW0129,U0363,U0126,CP0624,CP2012,442.41,0.5655,0,0,1.0,4.0,17.0,completed
SW0130,U0140,U0098,CP2005,CP1293,1793.37,0.0668,0,0,3.0,3.0,,cancelled
SW0131,U0053,U0220,CP0549,CP1410,1528.05,1.5567,0,0,1.0,2.0,9.0,completed
SW0132,U0258,U0189,CP0289,CP0489,2048.61,5.7683,0,0,4.5,2.67,57.0,accepted
SW0133,U0239,U0429,CP0489,CP1574,3367.19,0.1132,0,0,5.0,3.0,26.0,accepted
SW0134,U0269,U0026,CP2433,CP1645,21.59,0.9941,0,0,5.0,4.0,,proposed
SW0135,U0262,U0386,CP1616,CP0456,3391.37,0.2207,0,0,3.0,5.0,,proposed
SW0136,U0290,U0085,CP2288,CP0945,552.93,0.7387,0,0,2.0,1.0,35.0,completed
SW0137,U0019,U0430,CP0535,CP1778,1303.71,0.3866,0,0,5.0,3.0,66.0,completed
SW0138,U0455,U0464,CP0921,CP1365,2728.29,15.0808,0,0,3.0,5.0,37.0,completed
SW0139,U0325,U0329,CP0870,CP1536,95.65,0.9721,0,0,3.0,3.5,66.0,completed
SW0140,U0407,U0162,CP2248,CP1189,1402.09,0.6153,0,0,1.0,4.0,39.0,accepted
SW0141,U0313,U0391,CP1485,CP1029,2163.1,2.0318,0,0,3.0,3.0,,cancelled
SW0142,U0258,U0254,CP1592,CP1917,812.21,0.2721,0,0,4.5,2.33,58.0,completed
SW0143,U0162,U0117,CP2133,CP1677,3884.45,12.5947,1,0,4.0,1.0,,rejected
SW0144,U0040,U0161,CP1403,CP0871,1233.8,1.6692,0,0,3.67,3.5,40.0,completed
SW0145,U0418,U0045,CP0819,CP0832,935.24,0.5912,0,0,2.5,3.0,,rejected
SW0146,U0412,U0089,CP1619,CP1242,1935.1,1.8432,0,0,4.0,2.0,13.0,completed
SW0147,U0308,U0327,CP1226,CP1272,2716.95,7.7961,0,0,1.0,4.5,19.0,accepted
SW0148,U0013,U0268,CP1216,CP0576,207.61,1.1067,0,0,1.67,2.0,46.0,completed
SW0149,U0313,U0298,CP0448,CP2343,1013.73,1.6694,0,0,3.0,3.0,,cancelled
SW0150,U0162,U0245,CP2077,CP1754,3638.09,4.8824,0,0,4.0,2.5,36.0,completed
SW0151,U0365,U0272,CP0669,CP2310,6.7,0.9969,0,0,3.0,2.5,,cancelled
SW0152,U0413,U0086,CP0052,CP1284,1854.25,0.3135,1,0,3.0,3.0,,proposed
SW0153,U0230,U0015,CP0146,CP0494,4153.18,0.1067,0,0,3.0,5.0,21.0,completed
SW0154,U0147,U0220,CP1527,CP0624,625.94,2.0871,0,0,3.0,2.0,,cancelled
SW0155,U0322,U0342,CP0517,CP0622,1586.09,0.5853,0,0,4.0,3.0,,rejected
SW0156,U0130,U0150,CP0897,CP1890,470.36,1.239,0,0,3.0,3.0,,rejected
SW0157,U0430,U0313,CP0640,CP0156,3140.63,0.2861,0,0,3.0,3.0,,rejected
SW0158,U0134,U0189,CP1699,CP1724,3113.86,2.8536,1,0,4.0,2.67,25.0,completed
SW0159,U0226,U0499,CP0197,CP1803,3393.44,0.1536,0,0,3.0,3.0,,proposed
SW0160,U0290,U0465,CP1535,CP1496,2401.27,2.1592,0,0,2.0,3.0,,rejected
SW0161,U0120,U0467,CP2080,CP2166,1483.6,0.3706,0,0,2.0,3.0,,cancelled
SW0162,U0176,U0398,CP1856,CP2277,434.21,0.646,0,0,3.0,1.5,59.0,accepted
SW0163,U0048,U0054,CP1948,CP0294,472.87,0.5578,0,0,3.5,4.0,52.0,completed
SW0164,U0317,U0055,CP0257,CP1937,155.46,1.0458,0,0,3.0,3.0,65.0,completed
SW0165,U0287,U0250,CP1348,CP2070,445.25,0.8563,0,0,3.0,4.0,71.0,completed
SW0166,U0302,U0405,CP0490,CP2166,2308.35,1.9793,0,0,3.0,3.0,18.0,completed
SW0167,U0121,U0310,CP0842,CP1912,1025.54,1.6419,0,0,1.0,2.67,65.0,completed
SW0168,U0332,U0238,CP0278,CP2357,1059.31,0.7189,0,0,5.0,2.0,,rejected
SW0169,U0177,U0441,CP1648,CP0725,2479.19,2.4323,0,0,4.5,3.67,7.0,completed
SW0170,U0425,U0010,CP1059,CP1997,2200.89,1.9072,0,0,3.5,3.0,38.0,completed
SW0171,U0023,U0224,CP1346,CP1776,3186.5,2.9004,0,0,3.0,4.0,8.0,completed
SW0172,U0100,U0463,CP1820,CP0017,436.27,0.4493,0,0,3.0,4.0,,cancelled
SW0173,U0481,U0449,CP0260,CP1241,2489.83,0.1146,0,0,3.0,3.0,,rejected
SW0174,U0302,U0043,CP0222,CP0582,670.78,0.5398,0,0,3.0,4.0,38.0,completed
SW0175,U0089,U0113,CP1929,CP2075,1147.49,1.7245,0,0,2.0,2.0,18.0,accepted
SW0176,U0462,U0122,CP0454,CP1128,2292.33,0.3734,0,0,3.0,5.0,,rejected
SW0177,U0498,U0075,CP1613,CP0074,900.74,0.5159,0,0,5.0,1.0,21.0,completed
SW0178,U0320,U0066,CP1651,CP1589,4687.17,0.0429,1,0,2.0,1.5,50.0,completed
SW0179,U0069,U0027,CP0385,CP0952,1530.82,0.4791,0,0,4.5,2.0,33.0,accepted
SW0180,U0367,U0261,CP2046,CP1791,2709.58,0.0987,0,0,3.5,4.0,65.0,accepted
SW0181,U0202,U0068,CP2058,CP0449,1536.92,2.4137,0,0,3.0,5.0,,proposed
SW0182,U0104,U0062,CP2409,CP1601,2642.19,2.2969,1,1,4.0,3.0,25.0,completed
SW0183,U0187,U0304,CP0283,CP0787,638.52,1.587,0,0,3.25,1.5,24.0,completed
SW0184,U0345,U0220,CP1023,CP2041,1355.95,0.6626,1,0,3.5,2.0,,cancelled
SW0185,U0229,U0270,CP2144,CP2170,141.43,1.0429,0,0,3.0,5.0,,cancelled
SW0186,U0170,U0352,CP0511,CP2491,799.46,0.7162,0,0,3.5,2.5,28.0,completed
SW0187,U0110,U0292,CP0494,CP2015,1963.25,1.731,0,0,4.0,2.0,,proposed
SW0188,U0284,U0266,CP0647,CP0923,262.11,1.1505,0,0,4.0,4.0,41.0,completed
SW0189,U0157,U0048,CP0834,CP2172,267.79,0.9318,0,0,3.0,3.5,,rejected
SW0190,U0473,U0164,CP1170,CP1153,928.22,1.7611,0,0,5.0,3.67,,proposed
SW0191,U0353,U0153,CP1992,CP1323,423.34,1.2347,1,0,3.0,1.0,,rejected
SW0192,U0152,U0058,CP0826,CP1726,2342.53,0.4729,0,0,3.0,3.0,,cancelled
SW0193,U0416,U0245,CP0141,CP0649,3301.16,3.3274,0,0,2.5,2.5,16.0,completed
SW0194,U0143,U0347,CP0431,CP0052,272.5,0.6781,0,0,3.0,4.0,61.0,completed
SW0195,U0419,U0283,CP1881,CP2108,1892.85,1.7328,0,0,4.0,1.0,46.0,completed
SW0196,U0379,U0105,CP1568,CP0043,2872.59,0.298,0,0,3.0,4.0,,proposed
SW0197,U0385,U0156,CP1401,CP2042,96.07,0.9795,0,0,3.5,4.0,64.0,completed
SW0198,U0442,U0190,CP0944,CP1910,3887.03,13.8281,0,0,1.0,4.0,22.0,accepted
SW0199,U0463,U0204,CP2358,CP1415,133.61,0.9501,1,0,4.0,4.67,33.0,accepted
SW0200,U0160,U0141,CP2333,CP1951,1000.8,0.7812,0,0,1.5,3.0,21.0,completed
SW0201,U0470,U0082,CP1547,CP2425,91.1,0.9571,0,0,3.0,3.0,,rejected
SW0202,U0149,U0334,CP0992,CP1707,1449.71,0.678,1,0,4.0,3.0,8.0,completed
SW0203,U0297,U0050,CP0589,CP1418,1345.39,0.4428,0,0,3.0,2.0,48.0,completed
SW0204,U0121,U0444,CP1278,CP0210,1151.31,1.8077,0,0,1.0,3.0,,proposed
SW0205,U0467,U0009,CP2081,CP2360,466.78,1.1299,0,0,3.0,2.0,,rejected
SW0206,U0402,U0362,CP2496,CP1934,2824.96,0.382,0,0,3.0,3.0,,proposed
SW0207,U0340,U0134,CP0144,CP0315,1382.33,0.6141,1,1,3.0,4.0,35.0,accepted
SW0208,U0284,U0296,CP1606,CP2049,1604.89,2.1388,0,0,4.0,4.5,55.0,completed
SW0209,U0429,U0114,CP2009,CP1558,262.34,1.2428,0,0,3.0,2.0,51.0,completed
SW0210,U0036,U0004,CP1356,CP2342,656.36,1.7615,0,0,4.0,4.0,15.0,completed
SW0211,U0280,U0466,CP0095,CP1208,412.17,0.8997,0,0,2.0,3.25,37.0,completed
SW0212,U0014,U0169,CP0156,CP1345,2795.08,2.7422,0,0,1.0,1.0,35.0,completed
SW0213,U0310,U0007,CP1676,CP0249,2037.98,4.3294,1,0,2.67,5.0,54.0,accepted
SW0214,U0325,U0403,CP0661,CP1891,228.29,1.5103,1,0,3.0,5.0,,cancelled
SW0215,U0039,U0010,CP1483,CP0163,4696.1,0.0121,0,0,2.0,3.0,,proposed
SW0216,U0249,U0414,CP0430,CP1490,2787.83,0.0877,0,0,3.5,3.0,72.0,accepted
SW0217,U0454,U0050,CP1890,CP1980,1837.09,15.0033,0,0,4.0,2.0,,cancelled
SW0218,U0004,U0287,CP2285,CP2149,609.12,5.1962,0,0,4.0,3.0,,rejected
SW0219,U0187,U0338,CP0870,CP0307,105.83,0.9693,0,0,3.25,2.0,47.0,completed
SW0220,U0378,U0441,CP1190,CP1322,1488.24,0.2468,0,0,3.0,3.67,,cancelled
SW0221,U0216,U0154,CP0879,CP1001,1834.78,0.6319,0,0,4.0,2.0,67.0,completed
SW0222,U0274,U0121,CP1581,CP1893,2562.81,4.4198,0,0,3.0,1.0,,cancelled
SW0223,U0304,U0234,CP1033,CP0431,2319.22,5.0395,0,0,1.5,3.0,,cancelled
SW0224,U0283,U0403,CP0563,CP2263,1022.43,1.3792,1,0,1.0,5.0,46.0,completed
SW0225,U0251,U0476,CP0394,CP2408,2208.83,0.5047,0,0,4.0,4.0,24.0,completed
SW0226,U0325,U0398,CP0793,CP0213,1959.19,1.8138,0,0,3.0,1.5,45.0,completed
SW0227,U0425,U0243,CP2250,CP1667,242.82,1.1544,1,0,3.5,3.0,49.0,completed
SW0228,U0163,U0442,CP2271,CP1033,2821.71,0.0248,0,0,3.0,1.0,,proposed
SW0229,U0428,U0004,CP0152,CP0838,4004.92,8.5567,0,0,3.0,4.0,,cancelled
SW0230,U0012,U0210,CP1198,CP1647,1648.12,1.7786,0,0,3.0,3.0,55.0,accepted
SW0231,U0250,U0089,CP2054,CP0985,3507.3,0.2431,0,0,4.0,2.0,,rejected
SW0232,U0304,U0323,CP1251,CP0338,2320.08,0.4602,0,0,1.5,3.0,24.0,completed
SW0233,U0439,U0258,CP0728,CP2446,558.64,0.878,0,0,3.0,4.5,,rejected
SW0234,U0352,U0003,CP0724,CP1786,316.39,0.7933,0,0,2.5,3.0,,rejected
SW0235,U0427,U0451,CP2291,CP0224,2796.61,2.6446,0,0,5.0,2.33,14.0,accepted
SW0236,U0322,U0457,CP0661,CP0697,2638.2,0.2039,0,0,4.0,3.0,68.0,completed
SW0237,U0044,U0360,CP1810,CP1897,970.71,0.7606,0,0,3.0,4.0,45.0,accepted
SW0238,U0240,U0273,CP0808,CP1739,121.85,0.9422,0,0,5.0,3.0,68.0,accepted
SW0239,U0055,U0067,CP0912,CP0072,2884.94,0.055,0,0,3.0,3.0,,rejected
SW0240,U0077,U0433,CP1341,CP0567,4322.72,41.3578,1,0,3.0,3.0,,rejected
SW0241,U0036,U0327,CP0364,CP2211,3264.31,8.3025,0,0,4.0,4.5,32.0,completed
SW0242,U0470,U0009,CP1967,CP0871,264.6,0.8565,0,0,3.0,2.0,10.0,completed
SW0243,U0323,U0073,CP0682,CP0358,2329.4,2.5972,0,0,3.0,3.0,,proposed
SW0244,U0383,U0398,CP1702,CP1435,434.59,0.7146,0,0,3.0,1.5,,cancelled
SW0245,U0031,U0041,CP0130,CP1816,495.55,1.2211,0,0,4.0,1.0,43.0,completed
SW0246,U0092,U0466,CP0193,CP1427,721.04,0.5136,1,0,1.0,3.25,11.0,completed
SW0247,U0035,U0313,CP1891,CP0479,2459.12,0.1539,0,0,3.0,3.0,,rejected
SW0248,U0262,U0413,CP1522,CP0506,33.98,1.0564,0,0,3.0,3.0,,proposed
SW0249,U0429,U0451,CP1323,CP0096,460.91,1.3433,0,0,3.0,2.33,14.0,completed
SW0250,U0085,U0425,CP0662,CP1409,1406.05,3.2128,0,0,1.0,3.5,,proposed
SW0251,U0059,U0087,CP2064,CP1867,2979.28,2.6066,0,0,2.0,3.5,8.0,completed
SW0252,U0267,U0094,CP1620,CP1916,748.69,0.841,0,0,2.0,3.0,8.0,completed
SW0253,U0302,U0249,CP1009,CP2286,2512.92,0.4918,0,0,3.0,3.5,,proposed
SW0254,U0146,U0311,CP0986,CP2020,3341.75,0.1017,0,0,3.0,3.0,,cancelled
SW0255,U0308,U0048,CP0130,CP1131,1110.05,0.7114,0,0,1.0,3.5,,rejected
SW0256,U0063,U0132,CP1563,CP2205,1277.45,0.6142,0,0,1.0,3.0,64.0,completed
SW0257,U0163,U0386,CP1678,CP0264,409.26,0.8921,0,0,3.0,5.0,,proposed
SW0258,U0285,U0117,CP1212,CP2211,3038.04,7.7964,0,0,5.0,1.0,9.0,completed
SW0259,U0419,U0082,CP1916,CP1375,2798.45,2.4654,0,0,4.0,3.0,,cancelled
SW0260,U0382,U0095,CP1234,CP1939,2645.28,0.3587,0,0,3.67,2.5,46.0,completed
SW0261,U0094,U0393,CP0941,CP0791,694.36,1.209,0,0,3.0,1.0,,cancelled
SW0262,U0244,U0173,CP0056,CP2366,1220.53,6.7823,0,0,3.0,3.0,,cancelled
SW0263,U0282,U0099,CP1459,CP1729,2102.6,13.1918,1,0,2.0,4.0,35.0,accepted
SW0264,U0432,U0018,CP1512,CP2162,1994.15,0.5314,0,0,4.0,3.0,,cancelled
SW0265,U0283,U0038,CP0412,CP2235,1509.72,1.7119,0,0,1.0,1.0,,rejected
SW0266,U0244,U0044,CP1929,CP0096,1388.95,2.0346,1,1,3.0,3.0,,rejected
SW0267,U0185,U0243,CP1746,CP1777,121.45,1.0337,0,0,4.5,3.0,,cancelled
SW0268,U0037,U0030,CP1598,CP0424,377.84,1.2904,0,0,5.0,3.0,,cancelled
SW0269,U0089,U0400,CP0136,CP1025,84.33,1.0658,0,0,2.0,3.0,,proposed
SW0270,U0472,U0361,CP1430,CP0959,3308.99,21.1792,0,0,3.0,3.0,65.0,completed
SW0271,U0034,U0166,CP1913,CP2198,652.7,0.7743,0,0,3.0,2.5,,proposed
SW0272,U0477,U0442,CP2300,CP1574,212.88,1.0561,0,0,3.0,1.0,,cancelled
SW0273,U0310,U0001,CP0255,CP2134,2687.04,0.413,0,0,2.67,3.0,,rejected
SW0274,U0366,U0239,CP1341,CP1289,1522.32,1.5236,0,0,3.0,5.0,,proposed
SW0275,U0153,U0496,CP2150,CP0408,1307.51,0.4943,0,0,1.0,3.5,31.0,accepted
SW0276,U0391,U0303,CP1074,CP1151,1233.44,6.2176,0,0,3.0,3.0,,rejected
SW0277,U0205,U0206,CP0715,CP1698,1073.74,0.7472,0,0,3.0,4.0,13.0,completed
SW0278,U0300,U0495,CP2140,CP0441,2468.2,0.3528,0,0,3.0,3.0,69.0,completed
SW0279,U0451,U0474,CP0956,CP0773,1680.9,0.5367,1,0,2.33,3.0,11.0,accepted
SW0280,U0164,U0470,CP1382,CP0739,367.27,0.9014,0,0,3.67,3.0,60.0,completed
SW0281,U0237,U0243,CP1860,CP0365,1729.62,0.5214,0,0,1.0,3.0,16.0,accepted
SW0282,U0470,U0415,CP1607,CP0096,144.08,0.8927,0,0,3.0,1.0,,proposed
SW0283,U0054,U0061,CP0994,CP2019,726.32,1.3253,0,0,4.0,1.0,70.0,completed
SW0284,U0242,U0339,CP2481,CP1890,385.49,0.8041,0,0,2.0,2.0,22.0,completed
SW0285,U0293,U0439,CP0990,CP0240,2679.56,2.1639,0,0,1.0,3.0,61.0,completed
SW0286,U0073,U0421,CP1309,CP2272,2197.24,0.1293,0,0,3.0,2.0,1.0,accepted
SW0287,U0439,U0213,CP0766,CP1358,919.5,1.2317,0,0,3.0,3.0,,proposed
SW0288,U0210,U0362,CP1574,CP1619,433.27,0.8976,0,0,3.0,3.0,,proposed
SW0289,U0214,U0266,CP2323,CP0108,20.89,1.0243,0,0,3.0,4.0,,cancelled
SW0290,U0418,U0187,CP1515,CP0641,2538.21,0.3978,0,0,2.5,3.25,,cancelled
SW0291,U0394,U0385,CP2446,CP1865,2180.66,1.9086,0,0,2.5,3.5,4.0,accepted
SW0292,U0227,U0339,CP0046,CP1079,614.59,1.1597,0,0,3.0,2.0,,cancelled
SW0293,U0089,U0139,CP0495,CP1682,453.9,0.7869,0,0,2.0,3.5,,cancelled
SW0294,U0254,U0230,CP0560,CP0783,1348.14,0.6896,1,1,2.33,3.0,,cancelled
SW0295,U0390,U0118,CP0132,CP2329,2856.29,0.3013,0,0,3.0,3.33,29.0,completed
SW0296,U0415,U0432,CP0798,CP0230,2229.09,0.4674,0,0,1.0,4.0,,proposed
SW0297,U0169,U0064,CP2159,CP1752,590.76,5.7963,1,0,1.0,3.0,34.0,accepted
SW0298,U0271,U0191,CP1301,CP0188,2019.71,2.2662,0,0,3.0,1.0,32.0,accepted
SW0299,U0400,U0231,CP1204,CP1109,2604.14,2.2746,0,0,3.0,4.0,45.0,completed
SW0300,U0468,U0194,CP1468,CP0213,679.48,0.7177,0,0,4.0,3.0,13.0,accepted
SW0301,U0166,U0496,CP0128,CP0044,1304.35,1.7215,0,0,2.5,3.5,,rejected
SW0302,U0114,U0458,CP2092,CP0611,981.09,0.5473,0,0,2.0,3.0,,rejected
SW0303,U0424,U0029,CP0336,CP0588,1256.04,0.6575,0,0,3.0,2.0,,proposed
SW0304,U0467,U0164,CP0587,CP1658,63.09,1.0877,0,0,3.0,3.67,,cancelled
SW0305,U0025,U0249,CP1744,CP1934,800.5,0.8249,0,0,4.0,3.5,41.0,completed
SW0306,U0348,U0237,CP0426,CP2072,2253.54,2.2132,0,0,3.0,1.0,,rejected
SW0307,U0073,U0190,CP0065,CP0113,2074.94,0.4103,0,0,3.0,4.0,,rejected
SW0308,U0126,U0218,CP1404,CP2110,1740.0,0.6353,0,0,4.0,3.0,,rejected
SW0309,U0302,U0358,CP0607,CP0864,2110.69,1.9221,0,0,3.0,1.0,,proposed
SW0310,U0056,U0058,CP0033,CP2286,2634.15,0.4673,0,0,3.0,3.0,,proposed
SW0311,U0263,U0102,CP0321,CP0936,1507.67,0.5941,0,0,3.0,3.0,,rejected
SW0312,U0037,U0466,CP0241,CP2422,2888.31,0.2008,0,0,5.0,3.25,55.0,completed
SW0313,U0369,U0057,CP1983,CP1678,47.8,1.0141,0,0,3.0,4.0,,rejected
SW0314,U0044,U0271,CP2090,CP0983,667.77,0.8347,0,0,3.0,3.0,3.0,completed
SW0315,U0216,U0035,CP1846,CP0317,4165.43,42.2052,0,0,4.0,3.0,,proposed
SW0316,U0175,U0354,CP0227,CP1848,1198.72,1.8022,0,0,3.0,5.0,,rejected
SW0317,U0294,U0101,CP2497,CP0478,901.16,0.5128,0,0,1.0,4.0,69.0,completed
SW0318,U0082,U0430,CP1717,CP1090,834.51,1.4797,0,0,3.0,3.0,,cancelled
SW0319,U0139,U0478,CP1120,CP1258,1690.24,0.3607,0,0,3.5,2.5,24.0,accepted
SW0320,U0454,U0265,CP2138,CP1372,1331.83,0.7096,1,0,4.0,3.0,11.0,completed
SW0321,U0029,U0263,CP1871,CP1854,1397.21,0.5145,0,0,2.0,3.0,,proposed
SW0322,U0425,U0224,CP1548,CP1012,836.98,1.2231,0,0,3.5,4.0,,rejected
SW0323,U0432,U0100,CP2079,CP0281,1150.88,1.7732,0,0,4.0,3.0,26.0,completed
SW0324,U0083,U0032,CP0040,CP1917,1367.86,2.2259,0,0,3.67,3.0,,cancelled
SW0325,U0284,U0377,CP1609,CP1348,1137.42,1.4288,1,0,4.0,3.0,,cancelled
SW0326,U0228,U0002,CP0433,CP0503,1245.41,1.5765,0,0,3.0,3.0,,proposed
SW0327,U0416,U0305,CP2397,CP0733,1341.84,4.1289,0,0,2.5,3.0,18.0,completed
SW0328,U0069,U0136,CP2344,CP1823,106.84,0.9604,0,0,4.5,4.0,,rejected
SW0329,U0159,U0419,CP2192,CP2026,2924.82,2.6332,0,0,3.67,4.0,,rejected
SW0330,U0023,U0051,CP0909,CP0418,2580.89,0.4332,0,0,3.0,3.0,,proposed
SW0331,U0068,U0135,CP1490,CP0809,2300.77,4.0477,0,0,5.0,3.0,,proposed
SW0332,U0468,U0161,CP2018,CP0436,1725.65,0.4268,0,0,4.0,3.5,50.0,completed
SW0333,U0172,U0069,CP0739,CP1869,3266.78,8.1179,0,0,3.0,4.5,,proposed
SW0334,U0207,U0273,CP1065,CP1678,1007.83,0.7021,0,0,3.0,3.0,,rejected
SW0335,U0183,U0441,CP1710,CP1500,1301.91,1.3606,0,0,3.0,3.67,37.0,completed
SW0336,U0095,U0327,CP2373,CP0344,1256.28,0.1325,0,0,2.5,4.5,57.0,completed
SW0337,U0137,U0300,CP1849,CP0793,711.69,0.837,0,0,3.0,3.0,,rejected
SW0338,U0213,U0255,CP0302,CP0655,2417.24,2.2555,0,0,3.0,4.0,39.0,completed
SW0339,U0312,U0283,CP1826,CP1772,1641.69,0.164,0,0,3.0,1.0,10.0,completed
SW0340,U0165,U0182,CP1943,CP0558,1783.72,1.5897,0,0,3.0,3.0,,proposed
SW0341,U0491,U0473,CP0268,CP0342,2334.01,2.3213,0,0,5.0,5.0,68.0,accepted
SW0342,U0470,U0124,CP2421,CP0196,820.58,1.2012,0,0,3.0,1.5,21.0,accepted
SW0343,U0296,U0232,CP1774,CP1991,1088.96,0.6812,0,0,4.5,3.0,3.0,completed
SW0344,U0254,U0416,CP0346,CP0315,2967.99,0.1714,0,0,2.33,2.5,4.0,accepted
SW0345,U0417,U0329,CP0932,CP0774,176.17,1.0924,0,0,3.0,3.5,,rejected
SW0346,U0385,U0441,CP2418,CP1178,869.94,1.9645,1,1,3.5,3.67,19.0,completed
SW0347,U0254,U0288,CP0843,CP1748,1509.23,0.5887,0,0,2.33,3.0,,rejected
SW0348,U0152,U0253,CP0769,CP0694,3811.23,0.1784,0,0,3.0,1.0,,cancelled
SW0349,U0232,U0059,CP2345,CP1353,3083.99,5.9883,0,0,3.0,2.0,,cancelled
SW0350,U0139,U0291,CP1783,CP2214,1229.52,0.6368,0,0,3.5,3.0,59.0,accepted
SW0351,U0352,U0206,CP0174,CP1069,1083.89,2.0523,0,0,2.5,4.0,,proposed
SW0352,U0461,U0279,CP0380,CP1960,574.97,1.1945,0,0,4.0,1.0,,rejected
SW0353,U0047,U0199,CP2400,CP2418,1103.15,0.3774,0,0,3.0,3.0,,cancelled
SW0354,U0140,U0160,CP0759,CP2299,560.41,1.165,0,0,3.0,1.5,28.0,accepted
SW0355,U0482,U0426,CP0712,CP1116,675.5,0.7047,0,0,2.0,5.0,,rejected
SW0356,U0159,U0086,CP2396,CP1522,575.11,1.9042,0,0,3.67,3.0,,cancelled
SW0357,U0241,U0488,CP0473,CP0678,3615.8,3.6974,0,0,1.0,5.0,,proposed
SW0358,U0119,U0494,CP0362,CP1570,353.73,1.081,0,0,3.5,1.5,49.0,completed
SW0359,U0406,U0288,CP0743,CP1107,2572.28,3.1497,0,0,3.0,3.0,,proposed
SW0360,U0327,U0225,CP1605,CP1975,1337.21,0.7171,0,0,4.5,3.0,,cancelled
SW0361,U0066,U0483,CP2326,CP2321,557.31,0.7123,1,0,1.5,1.0,71.0,completed
SW0362,U0246,U0361,CP1395,CP2489,1249.19,0.6494,0,0,3.0,3.0,65.0,completed
SW0363,U0272,U0154,CP0480,CP2393,508.87,0.7509,0,0,2.5,2.0,66.0,completed
SW0364,U0094,U0143,CP1710,CP1211,281.35,1.0608,0,0,3.0,3.0,9.0,completed
SW0365,U0445,U0271,CP2138,CP0017,2461.86,4.1078,0,0,4.0,3.0,52.0,completed
SW0366,U0232,U0024,CP0074,CP1733,1292.0,0.5902,0,0,3.0,3.0,,proposed
SW0367,U0309,U0110,CP2212,CP1087,3478.39,0.2761,0,0,3.0,4.0,,rejected
SW0368,U0038,U0016,CP1624,CP1005,2681.89,0.421,0,0,1.0,3.0,,rejected
SW0369,U0477,U0351,CP1800,CP0689,184.11,1.0739,0,0,3.0,3.0,,proposed
SW0370,U0019,U0289,CP0524,CP0562,2096.68,0.4618,0,0,5.0,3.0,,rejected
SW0371,U0128,U0159,CP0189,CP1409,18.84,0.9704,0,0,3.0,3.67,65.0,accepted
SW0372,U0499,U0168,CP0084,CP0460,89.96,1.082,0,0,3.0,3.0,,rejected
SW0373,U0421,U0159,CP0251,CP0033,1698.6,1.735,0,0,2.0,3.67,,proposed
SW0374,U0186,U0013,CP1200,CP2427,231.21,0.9226,1,1,3.0,1.67,58.0,completed
SW0375,U0281,U0059,CP1182,CP0384,1709.55,1.5998,0,0,1.0,2.0,63.0,accepted
SW0376,U0013,U0040,CP1478,CP0982,2435.7,0.4905,0,0,1.67,3.67,64.0,accepted
SW0377,U0306,U0476,CP0554,CP2209,4059.94,0.0722,0,0,5.0,4.0,16.0,accepted
SW0378,U0466,U0079,CP0987,CP2059,474.36,0.8382,0,0,3.25,4.0,71.0,completed
SW0379,U0491,U0252,CP1139,CP0186,369.38,1.6887,0,0,5.0,5.0,,proposed
SW0380,U0130,U0115,CP0588,CP1585,1322.35,0.735,0,0,3.0,2.0,28.0,accepted
SW0381,U0086,U0493,CP0917,CP1994,1169.71,0.5452,0,0,3.0,3.0,,rejected
SW0382,U0164,U0195,CP1942,CP0568,2393.81,2.3133,0,0,3.67,2.67,19.0,completed
SW0383,U0147,U0421,CP1972,CP0706,3374.69,4.6456,0,0,3.0,2.0,,cancelled
SW0384,U0463,U0217,CP1174,CP1963,124.44,1.0255,0,0,4.0,3.0,,proposed
SW0385,U0329,U0126,CP0899,CP1250,3372.13,0.2393,0,0,3.5,4.0,49.0,completed
SW0386,U0023,U0397,CP0889,CP0739,3594.6,0.0352,0,0,3.0,3.0,,proposed
SW0387,U0170,U0194,CP0411,CP2045,1039.02,3.5585,0,0,3.5,3.0,68.0,completed
SW0388,U0110,U0158,CP1115,CP0294,2699.06,3.5243,0,0,4.0,2.0,4.0,completed
SW0389,U0320,U0418,CP2078,CP0343,2528.21,0.4086,0,0,2.0,2.5,11.0,completed
SW0390,U0368,U0382,CP2353,CP0588,2543.84,0.3064,0,0,2.0,3.67,36.0,accepted
SW0391,U0057,U0417,CP0699,CP2457,2105.15,3.1292,0,0,4.0,3.0,,rejected
SW0392,U0183,U0417,CP2468,CP2017,157.11,1.0426,0,0,3.0,3.0,,rejected
SW0393,U0263,U0358,CP2082,CP0934,1757.37,2.0396,0,0,3.0,1.0,,proposed
SW0394,U0302,U0251,CP1073,CP2243,433.62,1.2787,0,0,3.0,4.0,,proposed
SW0395,U0421,U0404,CP2483,CP0722,74.74,1.0164,0,0,2.0,1.0,57.0,completed
SW0396,U0225,U0275,CP1507,CP0340,728.22,1.2909,1,0,3.0,1.0,44.0,accepted
SW0397,U0139,U0396,CP2434,CP1277,61.71,1.2965,0,0,3.5,3.0,19.0,accepted
SW0398,U0402,U0308,CP1898,CP0912,3447.92,21.5392,0,0,3.0,1.0,,rejected
SW0399,U0288,U0097,CP0671,CP0948,2274.51,0.5323,0,0,3.0,3.0,69.0,accepted
SW0400,U0110,U0104,CP1988,CP1446,3647.18,0.2185,0,0,4.0,4.0,,rejected
SW0401,U0327,U0324,CP0897,CP2019,205.93,1.0922,0,0,4.5,3.33,30.0,completed
SW0402,U0497,U0305,CP0803,CP0313,634.01,0.8663,0,0,3.0,3.0,,proposed
SW0403,U0169,U0111,CP0467,CP0596,85.4,1.0243,0,0,1.0,3.0,,cancelled
SW0404,U0130,U0179,CP1562,CP1550,1003.89,1.2861,0,0,3.0,3.0,,rejected
SW0405,U0430,U0227,CP0144,CP1453,72.3,1.034,0,0,3.0,3.0,,rejected
SW0406,U0048,U0187,CP0356,CP2213,3104.93,0.0571,0,0,3.5,3.25,29.0,accepted
SW0407,U0119,U0189,CP1620,CP0684,233.25,1.0626,0,0,3.5,2.67,44.0,completed
SW0408,U0009,U0064,CP0844,CP1375,438.01,0.7706,0,0,2.0,3.0,15.0,completed
SW0409,U0390,U0398,CP0226,CP0996,4054.84,11.7564,1,0,3.0,1.5,10.0,completed
SW0410,U0459,U0120,CP1807,CP0789,654.29,0.8004,1,0,4.0,2.0,4.0,completed
SW0411,U0479,U0339,CP0525,CP0543,1901.43,2.5895,0,0,3.0,2.0,,proposed
SW0412,U0117,U0495,CP2213,CP0717,479.63,0.8729,0,0,1.0,3.0,,cancelled
SW0413,U0397,U0498,CP0162,CP1627,1676.64,0.5857,0,0,3.0,5.0,54.0,completed
SW0414,U0118,U0001,CP1969,CP0068,1156.09,0.6275,0,0,3.33,3.0,37.0,completed
SW0415,U0279,U0494,CP2212,CP1670,1430.63,0.4812,0,0,1.0,1.5,58.0,completed
SW0416,U0161,U0490,CP1759,CP2298,144.93,0.8822,0,0,3.5,3.0,,cancelled
SW0417,U0320,U0292,CP1360,CP2353,784.64,0.3019,0,0,2.0,2.0,12.0,completed
SW0418,U0497,U0010,CP0528,CP2154,4481.96,15.0947,1,1,3.0,3.0,,rejected
SW0419,U0270,U0442,CP0779,CP1312,522.03,0.8472,0,0,5.0,1.0,,proposed
SW0420,U0075,U0480,CP1816,CP1512,20.29,0.991,0,0,1.0,1.0,38.0,accepted
SW0421,U0435,U0257,CP1624,CP0783,2392.88,0.449,0,0,3.0,3.0,,cancelled
SW0422,U0029,U0358,CP0335,CP0995,1625.63,1.6679,0,0,2.0,1.0,51.0,completed
SW0423,U0429,U0166,CP0808,CP0827,2925.04,0.4043,0,0,3.0,2.5,10.0,accepted
SW0424,U0423,U0051,CP2286,CP1546,2927.34,2.4508,0,0,4.5,3.0,,rejected
SW0425,U0038,U0175,CP0382,CP1580,246.06,1.0692,0,0,1.0,3.0,53.0,accepted
SW0426,U0409,U0171,CP2479,CP0604,2938.81,2.8587,0,0,2.0,5.0,48.0,accepted
SW0427,U0475,U0480,CP2437,CP1935,84.52,0.978,0,0,4.0,1.0,3.0,completed
SW0428,U0027,U0271,CP0061,CP0015,3479.7,0.2237,0,0,2.0,3.0,26.0,accepted
SW0429,U0096,U0083,CP1705,CP0165,1362.83,0.6892,0,0,4.0,3.67,69.0,completed
SW0430,U0157,U0441,CP0778,CP2308,3926.23,53.8074,0,0,3.0,3.67,,proposed
SW0431,U0318,U0236,CP1005,CP0483,3356.75,3.6325,0,0,3.0,3.0,,cancelled
SW0432,U0496,U0187,CP0872,CP2304,4259.58,0.1442,0,0,3.5,3.25,13.0,completed
SW0433,U0391,U0083,CP0034,CP1275,505.22,0.5525,0,0,3.0,3.67,,cancelled
SW0434,U0083,U0259,CP0594,CP0977,1594.28,1.9567,1,1,3.67,4.5,56.0,completed
SW0435,U0018,U0393,CP0350,CP0086,206.89,1.7807,0,0,3.0,1.0,19.0,completed
SW0436,U0383,U0432,CP2289,CP0848,842.18,1.2033,0,0,3.0,4.0,9.0,completed
SW0437,U0065,U0435,CP0388,CP0161,1732.27,1.6064,0,0,3.0,3.0,,proposed
SW0438,U0388,U0051,CP0024,CP1701,676.52,0.8248,0,0,2.0,3.0,,cancelled
SW0439,U0414,U0264,CP1239,CP2309,1921.42,1.8824,0,0,3.0,3.0,,rejected
SW0440,U0145,U0482,CP0633,CP0138,2361.42,0.1482,0,0,3.0,2.0,52.0,completed
SW0441,U0433,U0467,CP1748,CP0988,2000.15,2.1982,0,0,3.0,3.0,,proposed
SW0442,U0026,U0310,CP1270,CP1370,1054.25,1.2898,0,0,4.0,2.67,18.0,accepted
SW0443,U0069,U0470,CP0880,CP1573,2770.03,2.3924,0,0,4.5,3.0,,rejected
SW0444,U0085,U0244,CP0326,CP1060,3433.29,3.5527,0,0,1.0,3.0,,cancelled
SW0445,U0398,U0356,CP0732,CP1419,1188.45,1.7872,0,0,1.5,3.0,,proposed
SW0446,U0416,U0079,CP0804,CP0936,878.49,0.7635,0,0,2.5,4.0,48.0,completed
SW0447,U0021,U0299,CP1120,CP1266,2856.11,0.2503,0,0,3.0,5.0,66.0,completed
SW0448,U0114,U0043,CP2030,CP1174,4742.6,0.0513,0,0,2.0,4.0,54.0,completed
SW0449,U0005,U0410,CP0302,CP1633,3870.88,9.2076,0,0,3.0,5.0,,proposed
SW0450,U0243,U0486,CP1571,CP0916,1905.67,0.4897,0,0,3.0,3.0,26.0,completed
SW0451,U0239,U0084,CP0623,CP1296,652.0,1.3262,1,0,5.0,3.0,,rejected
SW0452,U0272,U0124,CP1651,CP0855,833.08,0.2014,0,0,2.5,1.5,5.0,completed
SW0453,U0053,U0423,CP0868,CP2104,2054.25,0.4336,0,0,1.0,4.5,1.0,completed
SW0454,U0074,U0293,CP1317,CP1811,2246.01,2.8114,0,0,5.0,1.0,23.0,completed
SW0455,U0345,U0107,CP0951,CP1381,3037.57,0.3642,0,0,3.5,2.0,28.0,completed
SW0456,U0141,U0444,CP0581,CP0538,1224.56,0.3517,0,0,3.0,3.0,17.0,accepted
SW0457,U0074,U0215,CP1238,CP0312,819.63,2.153,0,0,5.0,3.0,,proposed
SW0458,U0326,U0141,CP0579,CP0789,1635.68,0.5009,0,0,3.0,3.0,,cancelled
SW0459,U0196,U0423,CP1600,CP1383,4043.03,22.9742,0,0,5.0,4.5,54.0,completed
SW0460,U0007,U0374,CP1655,CP0443,510.73,0.8886,0,0,5.0,3.0,46.0,completed
SW0461,U0064,U0250,CP1058,CP0976,2371.43,4.0702,0,0,3.0,4.0,,rejected
SW0462,U0015,U0279,CP1275,CP0961,359.93,0.7583,0,0,5.0,1.0,,cancelled
SW0463,U0478,U0289,CP0819,CP2324,3373.28,0.2862,0,0,2.5,3.0,,proposed
SW0464,U0223,U0311,CP1688,CP1071,111.31,0.3868,0,0,3.0,3.0,,rejected
SW0465,U0006,U0394,CP0615,CP1609,1156.09,1.305,0,0,3.0,2.5,38.0,completed
SW0466,U0381,U0287,CP1416,CP0455,373.33,0.8059,0,0,2.0,3.0,58.0,completed
SW0467,U0424,U0454,CP1738,CP1751,3594.36,8.5738,1,0,3.0,4.0,,proposed
SW0468,U0252,U0491,CP1539,CP2261,256.51,1.0922,0,0,5.0,5.0,,rejected
SW0469,U0194,U0219,CP1238,CP1754,593.43,1.6333,0,0,3.0,3.0,48.0,completed
SW0470,U0307,U0348,CP0165,CP0751,797.05,1.2221,0,0,3.0,3.0,61.0,completed
SW0471,U0431,U0483,CP1864,CP1219,97.7,1.0207,0,0,1.0,1.0,,rejected
SW0472,U0367,U0279,CP0751,CP1362,2471.23,3.2127,0,0,3.5,1.0,60.0,completed
SW0473,U0195,U0125,CP1207,CP1209,1141.64,1.2964,0,0,2.67,1.0,6.0,completed
SW0474,U0025,U0057,CP0785,CP2010,983.23,0.1584,1,1,4.0,4.0,32.0,completed
SW0475,U0186,U0476,CP0653,CP2141,541.5,1.1588,0,0,3.0,4.0,,proposed
SW0476,U0067,U0347,CP1082,CP0709,48.69,1.0152,0,0,3.0,4.0,,cancelled
SW0477,U0486,U0148,CP1719,CP1502,1211.15,0.7146,0,0,3.0,1.0,21.0,accepted
SW0478,U0035,U0337,CP2018,CP0254,2061.16,0.384,0,0,3.0,3.0,,cancelled
SW0479,U0069,U0195,CP2028,CP1862,3046.48,0.3591,0,0,4.5,2.67,6.0,completed
SW0480,U0414,U0437,CP0195,CP0596,247.81,0.9295,0,0,3.0,2.5,25.0,completed
SW0481,U0020,U0139,CP0782,CP0824,2690.8,0.4458,0,0,3.0,3.5,,proposed
SW0482,U0238,U0291,CP0073,CP0116,1918.87,0.6043,0,0,2.0,3.0,12.0,completed
SW0483,U0431,U0185,CP0800,CP0740,2833.22,7.1417,0,0,1.0,4.5,8.0,accepted
SW0484,U0439,U0292,CP1388,CP1519,939.11,1.3405,1,0,3.0,2.0,,rejected
SW0485,U0427,U0083,CP1989,CP0503,865.16,1.4005,0,0,5.0,3.67,50.0,completed
SW0486,U0103,U0037,CP2441,CP2190,3787.49,0.0639,0,0,3.0,5.0,,rejected
SW0487,U0382,U0279,CP0221,CP1771,1253.07,0.4744,0,0,3.67,1.0,,rejected
SW0488,U0139,U0363,CP1774,CP0575,1649.06,0.5853,0,0,3.5,1.0,54.0,completed
SW0489,U0166,U0033,CP1635,CP1426,3516.86,0.1962,0,0,2.5,3.0,,proposed
SW0490,U0164,U0447,CP1025,CP1953,133.53,1.1163,0,0,3.67,4.0,5.0,completed
SW0491,U0140,U0085,CP0265,CP1244,2766.93,0.4121,1,1,3.0,1.0,,proposed
SW0492,U0121,U0286,CP1843,CP1797,2386.18,4.0474,0,0,1.0,3.0,,cancelled
SW0493,U0409,U0031,CP0111,CP0026,2804.63,11.1503,0,0,2.0,4.0,35.0,completed
SW0494,U0468,U0178,CP0230,CP1668,2554.37,2.5665,0,0,4.0,3.33,44.0,completed
SW0495,U0321,U0244,CP1633,CP0984,4485.38,0.0951,0,0,3.0,3.0,15.0,completed
SW0496,U0096,U0101,CP1327,CP1217,1536.33,1.8723,0,0,4.0,4.0,,cancelled
SW0497,U0497,U0482,CP0878,CP1763,2956.59,0.2386,0,0,3.0,2.0,,proposed
SW0498,U0080,U0003,CP0847,CP2023,215.68,1.2561,0,0,5.0,3.0,,cancelled
SW0499,U0067,U0328,CP0160,CP2042,116.66,1.0249,0,0,3.0,3.0,,proposed
SW0500,U0241,U0122,CP1621,CP1719,1239.22,0.5914,0,0,1.0,5.0,31.0,completed
